ScreenON - AMD 300GE - 240GB M.2 SSD - AMD Radeon RX Vega 3 - WiFi - Game Computer;
ScreenON - AMD 300GE - 240GB M.2 SSD - AMD Radeon RX Vega 3 - WiFi - Game Computer;
ScreenON - AMD 300GE - 240GB M.2 SSD - AMD Radeon RX Vega 3 - WiFi - Game Computer;
ScreenON - AMD 300GE - 240GB M.2 SSD - AMD Radeon RX Vega 3 - WiFi - Game Computer;
ScreenON - AMD 300GE - 240GB M.2 SSD - AMD Radeon RX Vega 3 - WiFi - Game Computer;
ScreenON - AMD 300GE - 240GB M.2 SSD - AMD Radeon RX Vega 3 - WiFi - Game Computer;
ScreenON - AMD 300GE - 240GB M.2 SSD - AMD Radeon RX Vega 3 - WiFi - Game Computer;
ScreenON - AMD 300GE - 240GB M.2 SSD - AMD Radeon RX Vega 3 - WiFi - Game Computer;
ScreenON - AMD 300GE - 240GB M.2 SSD - AMD Radeon RX Vega 3 - WiFi - Game Computer;
ScreenON - AMD 300GE - 240GB M.2 SSD - AMD Radeon RX Vega 3 - WiFi - Game Computer;
ScreenON - AMD 300GE - 240GB M.2 SSD - AMD Radeon RX Vega 3 - WiFi - Game Computer;
ScreenON - AMD 300GE - 240GB M.2 SSD - AMD Radeon RX Vega 3 - WiFi - Game Computer;
ScreenON - AMD 300GE - 240GB M.2 SSD - AMD Radeon RX Vega 3 - WiFi - Game Computer;
ScreenON - AMD 300GE - 240GB M.2 SSD - AMD Radeon RX Vega 3 - WiFi - Game Computer;
ScreenON - AMD 300GE - 240GB M.2 SSD - AMD Radeon RX Vega 3 - WiFi - Game Computer;
ScreenON - AMD 300GE - 240GB M.2 SSD - AMD Radeon RX Vega 3 - WiFi - Game Computer;
ScreenON - AMD 300GE - 240GB M.2 SSD - AMD Radeon RX Vega 3 - WiFi - Game Computer;
ScreenON - AMD 300GE - 240GB M.2 SSD - AMD Radeon RX Vega 3 - WiFi - Game Computer;
ScreenON - AMD 300GE - 240GB M.2 SSD - AMD Radeon RX Vega 3 - WiFi - Game Computer;
ScreenON - AMD 300GE - 240GB M.2 SSD - AMD Radeon RX Vega 3 - WiFi - Game Computer;
ScreenON - AMD 300GE - 240GB M.2 SSD - AMD Radeon RX Vega 3 - WiFi - Game Computer;
ScreenON - AMD 300GE - 240GB M.2 SSD - AMD Radeon RX Vega 3 - WiFi - Game Computer;
ScreenON - AMD 300GE - 240GB M.2 SSD - AMD Radeon RX Vega 3 - WiFi - Game Computer;
ScreenON - AMD 300GE - 240GB M.2 SSD - AMD Radeon RX Vega 3 - WiFi - Game Computer;
